[

{"name":"洪宇的更新包",
"list":[

{"name":"最新更新包","url":"https://daili.korice.eu.org/https://raw.githubusercontent.com/llllse/hyyy/refs/heads/main/yu/tvbox.zip","version":"洪宇的网络爬虫","icon":"https://daili.korice.eu.org/https://raw.githubusercontent.com/qq859/cj/refs/heads/main/%E5%9B%BE%E7%89%87/HYTV.png","copy":"https://daili.korice.eu.org/https://raw.githubusercontent.com/llllse/1993/refs/heads/main/tvbox.zip"}

]
},



















{"name":"洪宇全部列表",
"list":[
{"name":"0917更新包","url":"https://daili.korice.eu.org/https://raw.githubusercontent.com/llllse/hyyy/refs/heads/main/yu/tvbox.zip","version":"洪宇的网络爬虫","icon":"https://daili.korice.eu.org/https://raw.githubusercontent.com/qq859/cj/refs/heads/main/%E5%9B%BE%E7%89%87/HYTV.png","copy":"https://daili.korice.eu.org/https://raw.githubusercontent.com/llllse/1993/refs/heads/main/tvbox.zip"}


]
}

]
